AP2EREBP.ABR1	AP2/ERF-ERF
AP2EREBP.RAP211	AP2/ERF-ERF
BBRBPC.BPC1	BBR-BPC
BBRBPC.BPC5	BBR-BPC
BBRBPC.BPC6	BBR-BPC
C2H2.At1g14580	C2H2
C2H2.IDD2	C2H2
C2H2.IDD4	C2H2
C2H2.IDD5	C2H2
SBP.SPL13	SBP
SBP.SPL14	SBP
SBP.SPL15	SBP
SBP.SPL1	SBP
SBP.SPL3	SBP
C2C2gata.GATA11	C2C2-GATA
C2C2gata.GATA12	C2C2-GATA
C2C2gata.GATA14	C2C2-GATA
MYBrelated.At1g49010	MYB-related
EIL.EIL3	EIL
EIL.EIN3	EIL
HSF.HSF21	HSF
HSF.HSF6	HSF
CPP.AT2G20110	CPP
CPP.SOL1	CPP
CPP.TCX2	CPP
CPP.TSO1	CPP
ZFHD.ATHB23	zf-HD
ZFHD.ATHB24	zf-HD
ZFHD.ATHB25	zf-HD
ZFHD.AtHB32	zf-HD
ZFHD.ATHB33	zf-HD
ZFHD.ATHB34	zf-HD
NAC.ANAC004	NAC
NAC.ANAC020	NAC
NAC.ANAC028	NAC
bHLH.bHLH104	bHLH
bZIP.ABF2	bZIP
bZIP.ABI5	bZIP
bZIP.AREB3	bZIP
bZIP.bZIP16	bZIP
WRKY.WRKY11	WRKY
WRKY.WRKY14	WRKY
WRKY.WRKY15	WRKY
TCP.At1g69690	TCP
TCP.At1g72010	TCP
TCP.At2g45680	TCP
TCP.At5g08330	TCP
MYB.BOS1	MYB
MYB.MS188	MYB
MYB.MYB101	MYB
C2C2COlike.AT4G27900	C2C2-CO-like
C2C2COlike.AT5G59990	C2C2-CO-like
E2FDP.DEL1	E2F-DP
E2FDP.DEL2	E2F-DP
C3H.At1g70910	C3H
C2C2dof.Adof1	C2C2-Dof
C2C2dof.DAG2	C2C2-Dof
C2C2dof.CDF3	C2C2-Dof
C2C2dof.COG1	C2C2-Dof
ZmbHLH136	bHLH
ZmbHLH145	bHLH
ZmbHLH163	bHLH
ZmbHLH172	bHLH
ZmbHLH47	bHLH
ZmbHLH91	bHLH
ZmbZIP104	bZIP
ZmbZIP113	bZIP
ZmbZIP40	bZIP
ZmbZIP9	bZIP
ZmCOL13	C2C2-CO-like
ZmCOL18	C2C2-CO-like
ZmCOL2	C2C2-CO-like
ZmDOF17	C2C2-Dof
ZmDOF21	C2C2-Dof
ZmDOF22	C2C2-Dof
ZmDOF30	C2C2-Dof
ZmEREB102	AP2/ERF-ERF
ZmEREB109	AP2/ERF-ERF
ZmEREB172	AP2/ERF-ERF
ZmEREB17	AP2/ERF-ERF
ZmEREB18	AP2/ERF-ERF
ZmEREB198	AP2/ERF-ERF
ZmEREB209	AP2/ERF-ERF
ZmEREB34	AP2/ERF-ERF
ZmEREB54	AP2/ERF-ERF
ZmEREB71	AP2/ERF-ERF
ZmEREB97	AP2/ERF-ERF
ZmGATA12	C2C2-GATA
ZmGLK11	GARP-G2-like
ZmGLK1	GARP-G2-like
ZmGLK25	GARP-G2-like
ZmGLK2	GARP-G2-like
ZmGLK52	GARP-G2-like
ZmGLK53	GARP-G2-like
ZmHB34	HB-HD-ZIP
ZmLG2	bZIP
ZmMYB31	MYB
ZmMYB4	MYB
ZmMYB56	MYB
ZmMYB62	MYB
ZmMYB6	MYB
ZmMYBR26	MYB-related
ZmMYBR32	MYB-related
ZmMYBR43	MYB-related
ZmMYBST1	MYB-related
ZmNAC109	NAC
ZmNAC23	NAC
ZmTCP10	TCP
ZmTCP23	TCP
ZmWRKY25	WRKY
ZmWRKY53	WRKY
ZmWRKY82	WRKY
ZmWRKY95	WRKY
